Method,RMSE,MAE,Recovered_SNR_dB,Coverage_95
Ablation PINN Without Physics,0.2610600952347016,0.20922384356074428,4.469419586771825,
Standard Neural Network,0.29953087533409384,0.23970023638551846,3.275397515699817,
Bayesian Physics-Informed PINN,0.3919089267517559,0.3225743195276619,0.9405263132215098,0.236572265625
Moving Average,0.494512244962472,0.3634523557131751,-1.079311569784537,
Kalman Filter,0.5393561315194492,0.4137146972496559,-1.833282976132652,
Probability Inversion,2.440510186418566,1.9410335567564507,-14.945383064954028,
