Method,RMSE,MAE,Recovered_SNR_dB,Coverage_95
Hybrid Physics-Calibrated Bayesian PINN v3,0.22973968273205,0.1795347594928088,5.579509089393655,0.953369140625
Ablation PINN Without Physics,0.28597869688116134,0.22422476184011333,3.6775557713336573,
Standard Neural Network,0.28819951081328404,0.22464882493511096,3.610364642674156,
Moving Average,0.494512244962472,0.3634523557131751,-1.079311569784537,
Kalman Filter,0.5393561315194492,0.4137146972496559,-1.833282976132652,
Probability Inversion,2.440510186418566,1.9410335567564507,-14.945383064954028,
