Method,RMSE,MAE,Recovered_SNR_dB,Coverage_95
Standard Neural Network,0.271027667981315,0.20939916372299194,4.143957,
Ablation PINN Without Physics,0.21768675990804398,0.17146062850952148,6.04759,
Bayesian Physics-Informed PINN v2,0.4040177160110769,0.3379672169685364,0.6762214,0.97705078125
