Method,RMSE,MAE,Recovered_SNR_dB,Coverage_95
Standard Neural Network,0.2995308734650651,0.23970024287700653,3.2753978,
Ablation PINN Without Physics,0.26106008516947793,0.20922383666038513,4.4694204,
Bayesian Physics-Informed PINN,0.39190893881060734,0.32257431745529175,0.94052637,0.236572265625
